07.01.2014;838.17
09.01.2014;828
10.01.2014;832.51
11.01.2014;836.35
14.01.2014;836.2
15.01.2014;839.2
16.01.2014;839.02
17.01.2014;835.57
18.01.2014;837.31
21.01.2014;836.45
22.01.2014;841.72
23.01.2014;844
24.01.2014;850
25.01.2014;854.46
28.01.2014;848.5
29.01.2014;837.65
30.01.2014;814.8
31.01.2014;804.5
01.02.2014;801.82
04.02.2014;794.47
05.02.2014;799.86
06.02.2014;796.42
07.02.2014;792.46
08.02.2014;786.8
11.02.2014;795.7
12.02.2014;783.95
13.02.2014;802.9
14.02.2014;814.99
15.02.2014;817.03
18.02.2014;813
19.02.2014;802.62
20.02.2014;803.5
21.02.2014;812
22.02.2014;802.29
25.02.2014;798.59
26.02.2014;799.01
27.02.2014;804.92
28.02.2014;809.51
01.03.2014;811.9
04.03.2014;783.5
05.03.2014;772.5
06.03.2014;779
07.03.2014;779.01
08.03.2014;778.95
12.03.2014;770
13.03.2014;760.6
14.03.2014;757.1
15.03.2014;741
18.03.2014;739.51
19.03.2014;735
20.03.2014;726
21.03.2014;730
22.03.2014;722.99
25.03.2014;740
26.03.2014;748.03
27.03.2014;753
28.03.2014;741.99
29.03.2014;756.5
01.04.2014;762.99
02.04.2014;770.34
03.04.2014;771.89
04.04.2014;772
05.04.2014;770
08.04.2014;775
09.04.2014;799.99
10.04.2014;792
11.04.2014;812.45
12.04.2014;795.4
15.04.2014;806
16.04.2014;805.51
17.04.2014;809
18.04.2014;804
19.04.2014;810.75
22.04.2014;798.05
23.04.2014;803.25
24.04.2014;803.87
25.04.2014;808
26.04.2014;765.82
29.04.2014;783.03
30.04.2014;784.25
01.05.2014;788.8
03.05.2014;795.02
06.05.2014;790
07.05.2014;794.97
08.05.2014;803.5
09.05.2014;798.65
13.05.2014;803.69
14.05.2014;808
15.05.2014;830
16.05.2014;838.3
17.05.2014;835.94
20.05.2014;846.88
21.05.2014;851.65
22.05.2014;864.48
23.05.2014;860.07
24.05.2014;869.6
27.05.2014;867.7
28.05.2014;816
29.05.2014;777.59
30.05.2014;800
31.05.2014;798.94
03.06.2014;799.89
04.06.2014;784.88
05.06.2014;776.63
06.06.2014;765
07.06.2014;778.7
10.06.2014;770.5
11.06.2014;770.55
12.06.2014;765.1
17.06.2014;756.37
18.06.2014;760.65
19.06.2014;781.6
20.06.2014;766.27
21.06.2014;751.24
24.06.2014;746.23
25.06.2014;776
26.06.2014;745.04
27.06.2014;738.55
28.06.2014;740
01.07.2014;744.6
02.07.2014;754.25
03.07.2014;768.55
04.07.2014;758.5
05.07.2014;765.25
08.07.2014;771.63
09.07.2014;762.5
10.07.2014;748
11.07.2014;740.62
12.07.2014;745.05
15.07.2014;748.1
16.07.2014;749.97
17.07.2014;754.5
18.07.2014;750
19.07.2014;729.9
22.07.2014;731.4
23.07.2014;742.1
24.07.2014;742
25.07.2014;737.9
26.07.2014;730.36
29.07.2014;734.7
30.07.2014;740.96
31.07.2014;737.28
01.08.2014;738
02.08.2014;735.8
05.08.2014;729
06.08.2014;735.57
07.08.2014;740.6
08.08.2014;744.86
09.08.2014;763
12.08.2014;770.55
13.08.2014;774.55
14.08.2014;788.49
15.08.2014;809.89
16.08.2014;817.8
19.08.2014;820.49
20.08.2014;813
21.08.2014;812.8
22.08.2014;836.97
23.08.2014;824
26.08.2014;827.64
27.08.2014;822.43
28.08.2014;812
29.08.2014;808
30.08.2014;814.99
02.09.2014;817.17
03.09.2014;822.19
04.09.2014;837.43
05.09.2014;854
06.09.2014;864.92
09.09.2014;845
10.09.2014;843.98
11.09.2014;848
12.09.2014;828.5
13.09.2014;843.69
16.09.2014;845.98
17.09.2014;855.09
18.09.2014;849
19.09.2014;848.81
20.09.2014;869
23.09.2014;844.46
24.09.2014;860.63
25.09.2014;886
26.09.2014;901.5
27.09.2014;890
30.09.2014;870.8
01.10.2014;873.99
02.10.2014;859.3
03.10.2014;848.8
04.10.2014;853.1
07.10.2014;874
08.10.2014;866
09.10.2014;862.1
10.10.2014;880
11.10.2014;872
14.10.2014;879
15.10.2014;880.8
16.10.2014;870
17.10.2014;873.5
18.10.2014;881.3
21.10.2014;879.2
22.10.2014;883.3
23.10.2014;879
24.10.2014;878.8
25.10.2014;894.8
28.10.2014;905
29.10.2014;933.9
30.10.2014;922.5
31.10.2014;943.9
01.11.2014;939.9
04.11.2014;935.3
06.11.2014;978
07.11.2014;986.9
08.11.2014;981
11.11.2014;970.5
12.11.2014;991.7
13.11.2014;980
14.11.2014;989.8
15.11.2014;1020.3
18.11.2014;1086
19.11.2014;1085
20.11.2014;1054.4
21.11.2014;1085
22.11.2014;1085
25.11.2014;1056
26.11.2014;1050
27.11.2014;1083.6
28.11.2014;1120
29.11.2014;1192
02.12.2014;1242
03.12.2014;1217.1
04.12.2014;1270
05.12.2014;1261
06.12.2014;1192
09.12.2014;1158.3
10.12.2014;1110.2
11.12.2014;1097.9
12.12.2014;1057.5
13.12.2014;1067
16.12.2014;1141.1
17.12.2014;1337.5
18.12.2014;1175
19.12.2014;1178.5
20.12.2014;1110
23.12.2014;1095
24.12.2014;1231.1
25.12.2014;1181
26.12.2014;1161.2
27.12.2014;1189.6
30.12.2014;1225
31.12.2014;1260
06.01.2015;1301
07.01.2015;1429.9
09.01.2015;1300
10.01.2015;1208.2
13.01.2015;1280
14.01.2015;1309.9
15.01.2015;1319.1
16.01.2015;1300
17.01.2015;1309.8
20.01.2015;1297.9
21.01.2015;1309
22.01.2015;1309
23.01.2015;1325
24.01.2015;1319.7
27.01.2015;1266.3
28.01.2015;1335
29.01.2015;1353
30.01.2015;1327.4
31.01.2015;1419
03.02.2015;1376.5
04.02.2015;1394
05.02.2015;1338.1
06.02.2015;1361.1
07.02.2015;1419.5
10.02.2015;1390
11.02.2015;1360
12.02.2015;1400.2
13.02.2015;1385
14.02.2015;1399.9
17.02.2015;1430.1
18.02.2015;1454
19.02.2015;1458.2
20.02.2015;1448.5
21.02.2015;1464
25.02.2015;1433
26.02.2015;1382.9
27.02.2015;1370
28.02.2015;1380
03.03.2015;1366.3
04.03.2015;1402.4
05.03.2015;1369.7
06.03.2015;1350
07.03.2015;1359
11.03.2015;1364
12.03.2015;1368
13.03.2015;1315
14.03.2015;1326.2
17.03.2015;1339.1
18.03.2015;1321.5
19.03.2015;1327.7
20.03.2015;1286.5
21.03.2015;1240
24.03.2015;1264.3
25.03.2015;1246.5
26.03.2015;1249
27.03.2015;1238
28.03.2015;1241.8
31.03.2015;1239.9
01.04.2015;1245
02.04.2015;1262.1
03.04.2015;1330
04.04.2015;1290.7
07.04.2015;1276
08.04.2015;1285.7
09.04.2015;1263
10.04.2015;1195.6
11.04.2015;1204.9
14.04.2015;1244
15.04.2015;1219.4
16.04.2015;1224.9
17.04.2015;1226.4
18.04.2015;1181.5
21.04.2015;1232.5
22.04.2015;1244.7
23.04.2015;1210
24.04.2015;1178
25.04.2015;1189.9
28.04.2015;1193.2
29.04.2015;1210
30.04.2015;1205.5
01.05.2015;1213.2
06.05.2015;1266.5
07.05.2015;1242.5
08.05.2015;1191
09.05.2015;1235.7
13.05.2015;1247.1
14.05.2015;1220.1
15.05.2015;1202.3
16.05.2015;1249
19.05.2015;1200.1
20.05.2015;1176.2
21.05.2015;1175.7
22.05.2015;1175.7
23.05.2015;1194.3
26.05.2015;1179.5
27.05.2015;1199
28.05.2015;1230
29.05.2015;1243
30.05.2015;1234.5
02.06.2015;1232.2
03.06.2015;1270.3
04.06.2015;1251.5
05.06.2015;1304.7
06.06.2015;1348.9
09.06.2015;1336.4
10.06.2015;1350.2
11.06.2015;1349
12.06.2015;1307
16.06.2015;1338
17.06.2015;1338.3
18.06.2015;1311.6
19.06.2015;1275.1
20.06.2015;1306.5
23.06.2015;1314.8
24.06.2015;1292.9
25.06.2015;1294.9
26.06.2015;1290
27.06.2015;1295.9
30.06.2015;1310
01.07.2015;1348
02.07.2015;1312.5
03.07.2015;1349
04.07.2015;1320
07.07.2015;1330
08.07.2015;1345
09.07.2015;1320
10.07.2015;1330
11.07.2015;1309.1
14.07.2015;1331.9
15.07.2015;1381.4
16.07.2015;1380
17.07.2015;1380.7
18.07.2015;1355
21.07.2015;1308
22.07.2015;1313.4
23.07.2015;1303
24.07.2015;1300.2
25.07.2015;1321.9
28.07.2015;1339.5
29.07.2015;1368.2
30.07.2015;1362.6
31.07.2015;1393.5
01.08.2015;1381
04.08.2015;1415
05.08.2015;1437
06.08.2015;1435
07.08.2015;1435
08.08.2015;1444
11.08.2015;1492
12.08.2015;1540
13.08.2015;1520
14.08.2015;1502
15.08.2015;1528
18.08.2015;1528
19.08.2015;1527
20.08.2015;1547
21.08.2015;1630
22.08.2015;1616
25.08.2015;1652
26.08.2015;1606
27.08.2015;1563
28.08.2015;1557
29.08.2015;1540
01.09.2015;1579
02.09.2015;1539
03.09.2015;1530
04.09.2015;1531
05.09.2015;1504
08.09.2015;1541
09.09.2015;1578
10.09.2015;1560
11.09.2015;1619
12.09.2015;1610
15.09.2015;1605
16.09.2015;1550
17.09.2015;1554
18.09.2015;1563
19.09.2015;1548
22.09.2015;1560
23.09.2015;1559
24.09.2015;1516
25.09.2015;1500
26.09.2015;1480
29.09.2015;1454
30.09.2015;1476
01.10.2015;1483
02.10.2015;1487
03.10.2015;1463
06.10.2015;1493
07.10.2015;1522
08.10.2015;1490
09.10.2015;1476
10.10.2015;1465
13.10.2015;1407
14.10.2015;1419
15.10.2015;1420
16.10.2015;1465
17.10.2015;1457
20.10.2015;1510
21.10.2015;1535
22.10.2015;1488
23.10.2015;1497
24.10.2015;1528
27.10.2015;1514
28.10.2015;1523
29.10.2015;1515
30.10.2015;1494
31.10.2015;1488
03.11.2015;1487
04.11.2015;1504
06.11.2015;1507
07.11.2015;1500
10.11.2015;1534
11.11.2015;1537
12.11.2015;1549
13.11.2015;1515
14.11.2015;1455
17.11.2015;1445
18.11.2015;1518
19.11.2015;1530
20.11.2015;1571
21.11.2015;1650
24.11.2015;1730
25.11.2015;1659
26.11.2015;1649
27.11.2015;1625
28.11.2015;1532
01.12.2015;1510
02.12.2015;1565
03.12.2015;1544
04.12.2015;1556
05.12.2015;1532
08.12.2015;1561
09.12.2015;1544
10.12.2015;1533
11.12.2015;1511
12.12.2015;1490
15.12.2015;1511
16.12.2015;1578
17.12.2015;1672
18.12.2015;1701
19.12.2015;1699
22.12.2015;1676
23.12.2015;1684
24.12.2015;1738
25.12.2015;1763
26.12.2015;1766
29.12.2015;1813
30.12.2015;1880
31.12.2015;1940
05.01.2016;1918
06.01.2016;1946
07.01.2016;1990
12.01.2016;2008
13.01.2016;2027
14.01.2016;2040
15.01.2016;2050
16.01.2016;2045
19.01.2016;2080
20.01.2016;2111
21.01.2016;2174
22.01.2016;2310
23.01.2016;1976
26.01.2016;1981
27.01.2016;2010
28.01.2016;2004
29.01.2016;1940
30.01.2016;1892
02.02.2016;1887
03.02.2016;1875
04.02.2016;1871
05.02.2016;1854
06.02.2016;1827
09.02.2016;1850
10.02.2016;1869
11.02.2016;1917
12.02.2016;1900
13.02.2016;1927
16.02.2016;1970
17.02.2016;1963
18.02.2016;1965
19.02.2016;1989
20.02.2016;1996
21.02.2016;1979
23.02.2016;2009
25.02.2016;2018
26.02.2016;1992
27.02.2016;1907
01.03.2016;1788
02.03.2016;1802
03.03.2016;1845
04.03.2016;1902
05.03.2016;1875
08.03.2016;1894
10.03.2016;1930
11.03.2016;1917
12.03.2016;1927
15.03.2016;1800
16.03.2016;1838
17.03.2016;1855
18.03.2016;1861
19.03.2016;1786
22.03.2016;1800
23.03.2016;1807
24.03.2016;1840
25.03.2016;1869
26.03.2016;1845
29.03.2016;1807
30.03.2016;1805
31.03.2016;1870
01.04.2016;1844
02.04.2016;1815
05.04.2016;1865
06.04.2016;1875
07.04.2016;1820
08.04.2016;1832
09.04.2016;1837
12.04.2016;1836
13.04.2016;1802
14.04.2016;1820
15.04.2016;1800
16.04.2016;1811
19.04.2016;1768
20.04.2016;1799
21.04.2016;1838
22.04.2016;1835
23.04.2016;1897
26.04.2016;2050
27.04.2016;2010
28.04.2016;1990
29.04.2016;2023
30.04.2016;2002
05.05.2016;2044
06.05.2016;2020
07.05.2016;2072
11.05.2016;2082
12.05.2016;2023
13.05.2016;1975
14.05.2016;1980
17.05.2016;2049
18.05.2016;2018
19.05.2016;1897
20.05.2016;1799
21.05.2016;1810
24.05.2016;1728
25.05.2016;1735
26.05.2016;1766
27.05.2016;1722
28.05.2016;1755
31.05.2016;1754
01.06.2016;1700
02.06.2016;1723
03.06.2016;1662
04.06.2016;1615
07.06.2016;1645
08.06.2016;1645
09.06.2016;1742
10.06.2016;1714
11.06.2016;1656
15.06.2016;1729
16.06.2016;1735
17.06.2016;1739
18.06.2016;1680
21.06.2016;1647
22.06.2016;1672
23.06.2016;1645
24.06.2016;1658
25.06.2016;1632
28.06.2016;1636
29.06.2016;1652
30.06.2016;1694
01.07.2016;1665
02.07.2016;1665
05.07.2016;1654
06.07.2016;1633
07.07.2016;1626
08.07.2016;1601
09.07.2016;1553
12.07.2016;1576
13.07.2016;1615
14.07.2016;1617
15.07.2016;1650
16.07.2016;1623
19.07.2016;1614
20.07.2016;1583
21.07.2016;1566
22.07.2016;1568
23.07.2016;1569
26.07.2016;1580
27.07.2016;1580
28.07.2016;1629
29.07.2016;1648
30.07.2016;1665
02.08.2016;1670
03.08.2016;1622
04.08.2016;1603
05.08.2016;1654
06.08.2016;1633
09.08.2016;1618
10.08.2016;1624
11.08.2016;1620
12.08.2016;1601
13.08.2016;1610
16.08.2016;1618
17.08.2016;1627
18.08.2016;1629
19.08.2016;1613
20.08.2016;1603
23.08.2016;1602
24.08.2016;1603
25.08.2016;1590
26.08.2016;1582
27.08.2016;1582
30.08.2016;1552
31.08.2016;1538
01.09.2016;1549
02.09.2016;1528
03.09.2016;1525
06.09.2016;1510
07.09.2016;1518
08.09.2016;1508
09.09.2016;1510
10.09.2016;1478
13.09.2016;1530
14.09.2016;1496
15.09.2016;1483
16.09.2016;1470
17.09.2016;1433
20.09.2016;1420
21.09.2016;1403
22.09.2016;1395
23.09.2016;1373
24.09.2016;1387
27.09.2016;1375
28.09.2016;1374
29.09.2016;1391
30.09.2016;1393
01.10.2016;1351
04.10.2016;1345
05.10.2016;1373
06.10.2016;1355
07.10.2016;1370
08.10.2016;1362
11.10.2016;1374
12.10.2016;1359
13.10.2016;1430
14.10.2016;1459
15.10.2016;1422
18.10.2016;1436
19.10.2016;1406
20.10.2016;1417
21.10.2016;1400
22.10.2016;1383
25.10.2016;1440
26.10.2016;1497
27.10.2016;1545
28.10.2016;1630
29.10.2016;1583
01.11.2016;1520
02.11.2016;1531.5
03.11.2016;1563
04.11.2016;1627
08.11.2016;1631
09.11.2016;1659
10.11.2016;1707.5
11.11.2016;1650
12.11.2016;1586
15.11.2016;1571.5
16.11.2016;1542
17.11.2016;1611
18.11.2016;1597.5
19.11.2016;1590
22.11.2016;1595
23.11.2016;1581.5
24.11.2016;1660
25.11.2016;1664.5
26.11.2016;1670
29.11.2016;1729.5
30.11.2016;1711.5
01.12.2016;1778
02.12.2016;1887.5
03.12.2016;1872
06.12.2016;1856
07.12.2016;1889.5
08.12.2016;1887.5
09.12.2016;2052
10.12.2016;2047
13.12.2016;2025
14.12.2016;2032.5
15.12.2016;1995.5
16.12.2016;2014.5
17.12.2016;2022.5
20.12.2016;2040.5
21.12.2016;2015
22.12.2016;1975
23.12.2016;1914
24.12.2016;1957.5
27.12.2016;1963
28.12.2016;1991.5
29.12.2016;2026
30.12.2016;1985
31.12.2016;1979.5
04.01.2017;2041
05.01.2017;2077
06.01.2017;2039
07.01.2017;2025
10.01.2017;2034.5
11.01.2017;2067
12.01.2017;2106
13.01.2017;2210
14.01.2017;2214.5
17.01.2017;2225
18.01.2017;2175
19.01.2017;2081
20.01.2017;2028.5
21.01.2017;2037
24.01.2017;1947
25.01.2017;2026
26.01.2017;2098.5
27.01.2017;2070
28.01.2017;2112
31.01.2017;2107
01.02.2017;2042.5
02.02.2017;2105.5
03.02.2017;2060
04.02.2017;2036
07.02.2017;1990
08.02.2017;2015
09.02.2017;1874
10.02.2017;1891
11.02.2017;1891
14.02.2017;1864
15.02.2017;1907.5
16.02.2017;1905
17.02.2017;1908
18.02.2017;1887.5
21.02.2017;1859.5
22.02.2017;1868.5
23.02.2017;1861
25.02.2017;1870
28.02.2017;1857.5
01.03.2017;1849.5
02.03.2017;1806
03.03.2017;1798
04.03.2017;1757.5
07.03.2017;1724.5
08.03.2017;1744.5
10.03.2017;1820
11.03.2017;1767
14.03.2017;1774
15.03.2017;1795
16.03.2017;1812.5
17.03.2017;1795
18.03.2017;1836.5
21.03.2017;1890
22.03.2017;1955
23.03.2017;2111
24.03.2017;2070
25.03.2017;1991.5
28.03.2017;1877.5
29.03.2017;1837.5
30.03.2017;1748
31.03.2017;1765
01.04.2017;1732
04.04.2017;1733
05.04.2017;1779
06.04.2017;1820
07.04.2017;1760
08.04.2017;1740
11.04.2017;1715
12.04.2017;1727
13.04.2017;1715
14.04.2017;1735
15.04.2017;1711.5
18.04.2017;1729
19.04.2017;1743
20.04.2017;1744
21.04.2017;1810.5
22.04.2017;1915
25.04.2017;1955
26.04.2017;1963
27.04.2017;2010
28.04.2017;1915
29.04.2017;1927
03.05.2017;1900
04.05.2017;1945
05.05.2017;1953
06.05.2017;1905
11.05.2017;1880
12.05.2017;1972.5
13.05.2017;1891.5
16.05.2017;1875
17.05.2017;1781
18.05.2017;1702.5
19.05.2017;1685
20.05.2017;1697
23.05.2017;1708.5
24.05.2017;1676
25.05.2017;1640
26.05.2017;1703.5
27.05.2017;1601
30.05.2017;1601.5
31.05.2017;1584.5
01.06.2017;1587
02.06.2017;1604
03.06.2017;1600
06.06.2017;1600
07.06.2017;1560
08.06.2017;1596.5
09.06.2017;1610
10.06.2017;1598
14.06.2017;1580
15.06.2017;1594.5
16.06.2017;1589
17.06.2017;1610
20.06.2017;1599.5
21.06.2017;1595
22.06.2017;1595
23.06.2017;1595
24.06.2017;1605
27.06.2017;1603.5
28.06.2017;1605
29.06.2017;1595
30.06.2017;1597
01.07.2017;1595
04.07.2017;1575
05.07.2017;1598.5
06.07.2017;1597
07.07.2017;1598
08.07.2017;1632
11.07.2017;1680
12.07.2017;1769.5
13.07.2017;1749
14.07.2017;1800.5
15.07.2017;1777.5
18.07.2017;1775.5
19.07.2017;1765
20.07.2017;1757
21.07.2017;1755
22.07.2017;1774.5
25.07.2017;1801.5
26.07.2017;1789
27.07.2017;1787
28.07.2017;1784
29.07.2017;1768.5
01.08.2017;1805
02.08.2017;1779
03.08.2017;1765
04.08.2017;1752.5
05.08.2017;1760
08.08.2017;1795
09.08.2017;1788
10.08.2017;1771.5
11.08.2017;1801
12.08.2017;1761
15.08.2017;1774.5
16.08.2017;1778.5
17.08.2017;1751.5
18.08.2017;1763
19.08.2017;1744
22.08.2017;1741.5
23.08.2017;1766.5
24.08.2017;1751
25.08.2017;1770
26.08.2017;1768
29.08.2017;1760
30.08.2017;1765.5
31.08.2017;1751.5
01.09.2017;1782.5
02.09.2017;1735
05.09.2017;1730.5
06.09.2017;1730.5
07.09.2017;1731
08.09.2017;1700
09.09.2017;1721
12.09.2017;1725
13.09.2017;1726
14.09.2017;1733
15.09.2017;1780
16.09.2017;1792
19.09.2017;1773
20.09.2017;1780
21.09.2017;1772
22.09.2017;1758.5
23.09.2017;1775
26.09.2017;1765
27.09.2017;1757
28.09.2017;1770
29.09.2017;1767
30.09.2017;1774
03.10.2017;1777.5
04.10.2017;1775
05.10.2017;1781
06.10.2017;1760
07.10.2017;1776
10.10.2017;1784
11.10.2017;1784
12.10.2017;1789
13.10.2017;1805
14.10.2017;1800
17.10.2017;1798.5
18.10.2017;1873.5
19.10.2017;1852.5
20.10.2017;1825
21.10.2017;1828.5
24.10.2017;1831.5
25.10.2017;1836.5
26.10.2017;1835
27.10.2017;1840.5
28.10.2017;1844.5
31.10.2017;1837
01.11.2017;1850
02.11.2017;1843
03.11.2017;1859.5
04.11.2017;1830
08.11.2017;1845
09.11.2017;1826
10.11.2017;1837
11.11.2017;1790.5
14.11.2017;1815
15.11.2017;1835
16.11.2017;1797
17.11.2017;1770.5
18.11.2017;1795.5
21.11.2017;1801
22.11.2017;1805
23.11.2017;1810
24.11.2017;1816
25.11.2017;1855
28.11.2017;1835.5
29.11.2017;1844.5
30.11.2017;1840
01.12.2017;1780
02.12.2017;1787
05.12.2017;1780
06.12.2017;1770
07.12.2017;1761
08.12.2017;1730
09.12.2017;1746.5
12.12.2017;1805
13.12.2017;1795
14.12.2017;1810
15.12.2017;1809
16.12.2017;1782
19.12.2017;1762
20.12.2017;1760
21.12.2017;1759
22.12.2017;1760
23.12.2017;1765
26.12.2017;1810
27.12.2017;1819.5
28.12.2017;1830
29.12.2017;1785
30.12.2017;1799
04.01.2018;1793
05.01.2018;1829
06.01.2018;1825
10.01.2018;1795
11.01.2018;1787.5
12.01.2018;1827
13.01.2018;1820
16.01.2018;1806
17.01.2018;1825
18.01.2018;1820
19.01.2018;1830
20.01.2018;1825
23.01.2018;1825
24.01.2018;1827
25.01.2018;1806
26.01.2018;1830
27.01.2018;1833.5
30.01.2018;1834
31.01.2018;1815
01.02.2018;1800
02.02.2018;1816
03.02.2018;1819
06.02.2018;1800
07.02.2018;1775
08.02.2018;1770
09.02.2018;1780
10.02.2018;1765
13.02.2018;1750
14.02.2018;1780
15.02.2018;1804
16.02.2018;1803.5
17.02.2018;1804.5
20.02.2018;1800
21.02.2018;1792.5
22.02.2018;1805.5
23.02.2018;1836
27.02.2018;1847
28.02.2018;1815
01.03.2018;1850
02.03.2018;1823.5
03.03.2018;1821.5
06.03.2018;1833
07.03.2018;1832
08.03.2018;1786
10.03.2018;1793
13.03.2018;1810
14.03.2018;1812
15.03.2018;1767
16.03.2018;1766.5
17.03.2018;1770
20.03.2018;1770
21.03.2018;1768.5
22.03.2018;1811.5
23.03.2018;1774
24.03.2018;1775
27.03.2018;1758
28.03.2018;1760
29.03.2018;1745
30.03.2018;1765
31.03.2018;1759
03.04.2018;1797.5
04.04.2018;1790
05.04.2018;1775
06.04.2018;1790
07.04.2018;1794
10.04.2018;1720.5
11.04.2018;1743
12.04.2018;1735
13.04.2018;1777
14.04.2018;1756.5
17.04.2018;1771.5
18.04.2018;1780
19.04.2018;1777.5
20.04.2018;1790
21.04.2018;1790
24.04.2018;1763
25.04.2018;1750
26.04.2018;1722.5
27.04.2018;1702
28.04.2018;1726
29.04.2018;1749.5
01.05.2018;1724.5
03.05.2018;1640.5
04.05.2018;1646.5
05.05.2018;1704.5
08.05.2018;1748
09.05.2018;1743.5
11.05.2018;1746.5
12.05.2018;1747.5
15.05.2018;1756
16.05.2018;1745
17.05.2018;1764.5
18.05.2018;1749
19.05.2018;1748.5
22.05.2018;1757.5
23.05.2018;1749.5
24.05.2018;1747.5
25.05.2018;1750.5
26.05.2018;1743
29.05.2018;1747
30.05.2018;1744.5
31.05.2018;1740
01.06.2018;1706
02.06.2018;1720
05.06.2018;1719
06.06.2018;1716
07.06.2018;1740.5
08.06.2018;1750
09.06.2018;1749.5
10.06.2018;1746
12.06.2018;1749.5
14.06.2018;1749
15.06.2018;1758
16.06.2018;1749.5
19.06.2018;1684.5
20.06.2018;1662
21.06.2018;1696
22.06.2018;1690.5
23.06.2018;1724.5
26.06.2018;1718
27.06.2018;1680.5
28.06.2018;1665
29.06.2018;1645
30.06.2018;1664
03.07.2018;1679
04.07.2018;1670
05.07.2018;1672.5
06.07.2018;1681
07.07.2018;1688.5
10.07.2018;1723
11.07.2018;1726
12.07.2018;1725
13.07.2018;1660.5
14.07.2018;1674.5
17.07.2018;1673
18.07.2018;1650.5
19.07.2018;1658
20.07.2018;1643.5
21.07.2018;1630
24.07.2018;1621.5
25.07.2018;1637
26.07.2018;1619.5
27.07.2018;1619.5
28.07.2018;1631.5
31.07.2018;1637
01.08.2018;1626
02.08.2018;1607
03.08.2018;1587.5
04.08.2018;1593
07.08.2018;1610
08.08.2018;1606
09.08.2018;1558.5
10.08.2018;1553.5
11.08.2018;1539.5
14.08.2018;1531.5
15.08.2018;1543.5
16.08.2018;1533
17.08.2018;1523
18.08.2018;1503
21.08.2018;1530
22.08.2018;1547
23.08.2018;1518
24.08.2018;1514.5
25.08.2018;1527.5
28.08.2018;1540
29.08.2018;1521
30.08.2018;1514
31.08.2018;1456.5
01.09.2018;1425
04.09.2018;1455
05.09.2018;1443
06.09.2018;1435
07.09.2018;1435
08.09.2018;1430
11.09.2018;1466.5
12.09.2018;1492.5
13.09.2018;1520
14.09.2018;1552.5
15.09.2018;1590
18.09.2018;1624
19.09.2018;1625
20.09.2018;1595.5
21.09.2018;1580
22.09.2018;1601
25.09.2018;1619
26.09.2018;1643.5
27.09.2018;1644
28.09.2018;1645.5
29.09.2018;1657.5
02.10.2018;1666
03.10.2018;1655
04.10.2018;1648
05.10.2018;1645
06.10.2018;1650
09.10.2018;1655
10.10.2018;1691
11.10.2018;1715
12.10.2018;1712
13.10.2018;1709
16.10.2018;1708
17.10.2018;1708
18.10.2018;1709
19.10.2018;1714
20.10.2018;1710
23.10.2018;1710
24.10.2018;1707
25.10.2018;1709
26.10.2018;1705
27.10.2018;1718.5
30.10.2018;1710
31.10.2018;1709
01.11.2018;1709
02.11.2018;1719
03.11.2018;1720
07.11.2018;1752.5
08.11.2018;1756
09.11.2018;1737.5
10.11.2018;1705.5
13.11.2018;1695
14.11.2018;1697
15.11.2018;1709.5
16.11.2018;1707.5
17.11.2018;1705
20.11.2018;1701.5
21.11.2018;1690
22.11.2018;1695
23.11.2018;1695.5
24.11.2018;1685
27.11.2018;1670
28.11.2018;1680
29.11.2018;1700
30.11.2018;1713.5
01.12.2018;1754
04.12.2018;1721
05.12.2018;1709.5
06.12.2018;1721
07.12.2018;1704.5
08.12.2018;1700
11.12.2018;1695
12.12.2018;1699
13.12.2018;1691
14.12.2018;1684
15.12.2018;1689.5
18.12.2018;1687
19.12.2018;1680
20.12.2018;1658
21.12.2018;1661
22.12.2018;1628
25.12.2018;1632.5
26.12.2018;1637.5
27.12.2018;1640
28.12.2018;1623
29.12.2018;1634.5
30.12.2018;1710
04.01.2019;1688
05.01.2019;1730.5
09.01.2019;1698
10.01.2019;1678.5
11.01.2019;1692
12.01.2019;1705
15.01.2019;1706.5
16.01.2019;1694
17.01.2019;1696.5
18.01.2019;1703.5
19.01.2019;1708
22.01.2019;1705
23.01.2019;1700
24.01.2019;1699
25.01.2019;1675.5
26.01.2019;1685
29.01.2019;1681
30.01.2019;1699
31.01.2019;1729.5
01.02.2019;1745
02.02.2019;1734
05.02.2019;1754
06.02.2019;1734
07.02.2019;1729.5
08.02.2019;1717
09.02.2019;1705
12.02.2019;1694
13.02.2019;1744.5
14.02.2019;1720
15.02.2019;1676.5
16.02.2019;1697.5
19.02.2019;1686
20.02.2019;1709.5
21.02.2019;1695
22.02.2019;1704.5
23.02.2019;1709
26.02.2019;1699
27.02.2019;1704
28.02.2019;1701
01.03.2019;1706
02.03.2019;1670
05.03.2019;1661.5
06.03.2019;1628.5
07.03.2019;1654
08.03.2019;1630
12.03.2019;1600.5
13.03.2019;1631
14.03.2019;1649.5
15.03.2019;1646
16.03.2019;1740
19.03.2019;1739.5
20.03.2019;1753.5
21.03.2019;1769.5
22.03.2019;1798.5
23.03.2019;1794.5
26.03.2019;1780
27.03.2019;1774.5
28.03.2019;1759.5
29.03.2019;1750
30.03.2019;1765
02.04.2019;1780
03.04.2019;1782.5
04.04.2019;1756.5
05.04.2019;1724
06.04.2019;1691.5
09.04.2019;1679
10.04.2019;1710.5
11.04.2019;1680
12.04.2019;1673
13.04.2019;1685
16.04.2019;1647
17.04.2019;1686.5
18.04.2019;1689
19.04.2019;1700.5
20.04.2019;1697
23.04.2019;1695
24.04.2019;1697.5
25.04.2019;1699
26.04.2019;1688.5
27.04.2019;1663.5
30.04.2019;1666.5
01.05.2019;1680
03.05.2019;1674.5
04.05.2019;1699
07.05.2019;1673
08.05.2019;1683.5
09.05.2019;1666
11.05.2019;1601.5
14.05.2019;1599
15.05.2019;1580.5
16.05.2019;1552
17.05.2019;1580.5
18.05.2019;1561
21.05.2019;1525
22.05.2019;1522
23.05.2019;1518
24.05.2019;1523
25.05.2019;1604
28.05.2019;1578.5
29.05.2019;1571
30.05.2019;1588
31.05.2019;1621
01.06.2019;1613.5
04.06.2019;1600
05.06.2019;1594
06.06.2019;1587
07.06.2019;1607
08.06.2019;1616.5
11.06.2019;1602
12.06.2019;1642
14.06.2019;1603.5
15.06.2019;1566.5
18.06.2019;1554.5
19.06.2019;1590
20.06.2019;1584.5
21.06.2019;1625
22.06.2019;1626.5
25.06.2019;1611.5
26.06.2019;1595.5
27.06.2019;1649.5
28.06.2019;1665.5
29.06.2019;1654.5
02.07.2019;1650
03.07.2019;1654
04.07.2019;1668.5
05.07.2019;1686.5
06.07.2019;1696
09.07.2019;1715
10.07.2019;1723
11.07.2019;1683.5
12.07.2019;1668.5
13.07.2019;1662
16.07.2019;1689.5
17.07.2019;1675
18.07.2019;1652
19.07.2019;1600
20.07.2019;1592
23.07.2019;1580
24.07.2019;1595
25.07.2019;1590
26.07.2019;1595
27.07.2019;1567
30.07.2019;1574
31.07.2019;1580
01.08.2019;1577
02.08.2019;1557.5
03.08.2019;1562
06.08.2019;1550
07.08.2019;1569.5
08.08.2019;1557
09.08.2019;1547
10.08.2019;1549.5
13.08.2019;1575
14.08.2019;1556.5
15.08.2019;1521
16.08.2019;1521
17.08.2019;1509.5
20.08.2019;1491.5
21.08.2019;1490.5
22.08.2019;1490
23.08.2019;1460
24.08.2019;1460
27.08.2019;1503
28.08.2019;1510
29.08.2019;1521
30.08.2019;1512
31.08.2019;1504
03.09.2019;1515
04.09.2019;1549
05.09.2019;1556
06.09.2019;1550.5
07.09.2019;1545
10.09.2019;1557.5
11.09.2019;1561.5
12.09.2019;1558
13.09.2019;1545.5
14.09.2019;1539.5
17.09.2019;1540
18.09.2019;1533
19.09.2019;1529
20.09.2019;1520
21.09.2019;1513.5
24.09.2019;1517
25.09.2019;1514
26.09.2019;1514
27.09.2019;1512
28.09.2019;1500.5
01.10.2019;1498
02.10.2019;1498.5
03.10.2019;1502.5
04.10.2019;1498.5
05.10.2019;1507.5
08.10.2019;1538.5
09.10.2019;1537
10.10.2019;1534.5
11.10.2019;1532
12.10.2019;1533.5
15.10.2019;1529
16.10.2019;1529.5
17.10.2019;1649.5
18.10.2019;1665
19.10.2019;1630
22.10.2019;1620
23.10.2019;1580
24.10.2019;1622.5
25.10.2019;1630
26.10.2019;1670
29.10.2019;1660
30.10.2019;1663
31.10.2019;1668
01.11.2019;1665
02.11.2019;1627
06.11.2019;1625
07.11.2019;1678.5
08.11.2019;1750
09.11.2019;1734.5
12.11.2019;1754.5
13.11.2019;1764
14.11.2019;1748.5
15.11.2019;1758.5
16.11.2019;1759.5
19.11.2019;1729.5
20.11.2019;1752.5
21.11.2019;1744
22.11.2019;1726.5
23.11.2019;1737.5
26.11.2019;1710.5
27.11.2019;1687
28.11.2019;1715
29.11.2019;1703
30.11.2019;1699
03.12.2019;1711.5
04.12.2019;1686
05.12.2019;1678.5
06.12.2019;1677
07.12.2019;1688.5
10.12.2019;1704
11.12.2019;1678
12.12.2019;1710
13.12.2019;1690.5
14.12.2019;1707
17.12.2019;1714
18.12.2019;1742
19.12.2019;1765
20.12.2019;1780
21.12.2019;1746.5
24.12.2019;1767
25.12.2019;1760
26.12.2019;1764
27.12.2019;1764.5
28.12.2019;1767.5
31.12.2019;1767.5
04.01.2020;1779.5
07.01.2020;1763
09.01.2020;1790
10.01.2020;1791
11.01.2020;1785
14.01.2020;1768
15.01.2020;1777
16.01.2020;1768.5
17.01.2020;1780
18.01.2020;1786.5
21.01.2020;1783
22.01.2020;1784
23.01.2020;1780.5
24.01.2020;1780
25.01.2020;1767
28.01.2020;1735
29.01.2020;1712
30.01.2020;1685
31.01.2020;1676
01.02.2020;1649.5
04.02.2020;1620.5
05.02.2020;1660
06.02.2020;1651.5
07.02.2020;1666.5
08.02.2020;1640.5
11.02.2020;1615.5
12.02.2020;1620
13.02.2020;1613
14.02.2020;1620.5
15.02.2020;1630
18.02.2020;1647.5
19.02.2020;1617.5
20.02.2020;1634.5
21.02.2020;1640
22.02.2020;1622.5
26.02.2020;1600
27.02.2020;1600
28.02.2020;1574.5
29.02.2020;1518.5
03.03.2020;1491
04.03.2020;1516.5
05.03.2020;1515.5
06.03.2020;1513.5
07.03.2020;1459.5
11.03.2020;1399.5
12.03.2020;1377
13.03.2020;1416.5
14.03.2020;1389.5
17.03.2020;1448.5
18.03.2020;1452
19.03.2020;1350
20.03.2020;1330.5
21.03.2020;1347.5
24.03.2020;1317
25.03.2020;1367.5
26.03.2020;1392.5
27.03.2020;1417.5
28.03.2020;1383.5
31.03.2020;1402
01.04.2020;1477.5
02.04.2020;1446
03.04.2020;1477.5
04.04.2020;1512
07.04.2020;1598.5
08.04.2020;1584.5
09.04.2020;1577
10.04.2020;1560
11.04.2020;1553
14.04.2020;1534
15.04.2020;1545.5
16.04.2020;1459.5
17.04.2020;1552.5
18.04.2020;1500
21.04.2020;1435
22.04.2020;1394
23.04.2020;1393.5
24.04.2020;1400
25.04.2020;1370
28.04.2020;1340.5
29.04.2020;1350.5
30.04.2020;1377
01.05.2020;1365
05.05.2020;1366.5
06.05.2020;1365
07.05.2020;1354
08.05.2020;1360
09.05.2020;1353
13.05.2020;1335.5
14.05.2020;1287
15.05.2020;1295.5
16.05.2020;1294
19.05.2020;1289
20.05.2020;1301
21.05.2020;1333
22.05.2020;1325
23.05.2020;1315.5
26.05.2020;1310.5
27.05.2020;1320
28.05.2020;1320
29.05.2020;1328.5
30.05.2020;1291
02.06.2020;1336.5
03.06.2020;1381
04.06.2020;1394
05.06.2020;1388.5
06.06.2020;1390
09.06.2020;1376
10.06.2020;1381
11.06.2020;1386.5
12.06.2020;1370
16.06.2020;1346
17.06.2020;1352
18.06.2020;1346
19.06.2020;1335.5
20.06.2020;1330
23.06.2020;1379.5
24.06.2020;1385
26.06.2020;1368.5
27.06.2020;1345.5
30.06.2020;1348.5
01.07.2020;1341.5
03.07.2020;1369
04.07.2020;1367
07.07.2020;1376.5
08.07.2020;1378.5
09.07.2020;1390
10.07.2020;1367.5
11.07.2020;1369
14.07.2020;1360
15.07.2020;1342.5
16.07.2020;1341.5
17.07.2020;1342
18.07.2020;1335.5
21.07.2020;1341.5
22.07.2020;1333.5
23.07.2020;1339
24.07.2020;1337.5
25.07.2020;1338.5
28.07.2020;1352.5
29.07.2020;1350
30.07.2020;1352.5
31.07.2020;1351.5
01.08.2020;1347
04.08.2020;1323.5
05.08.2020;1329
06.08.2020;1342
07.08.2020;1352
08.08.2020;1362
11.08.2020;1358
12.08.2020;1370
13.08.2020;1400.5
14.08.2020;1461.5
15.08.2020;1453.5
18.08.2020;1462
19.08.2020;1454.5
20.08.2020;1454.5
21.08.2020;1432.5
22.08.2020;1422.5
25.08.2020;1422.5
26.08.2020;1416
27.08.2020;1424
28.08.2020;1414
29.08.2020;1381.5
01.09.2020;1376.5
02.09.2020;1403
03.09.2020;1378
04.09.2020;1366
05.09.2020;1368.5
08.09.2020;1369.5
09.09.2020;1358
10.09.2020;1360
11.09.2020;1367.5
12.09.2020;1381
15.09.2020;1392
16.09.2020;1399
17.09.2020;1396.5
18.09.2020;1443
19.09.2020;1451
22.09.2020;1434.5
23.09.2020;1430
24.09.2020;1440
25.09.2020;1446
26.09.2020;1452
29.09.2020;1467.5
30.09.2020;1484.5
01.10.2020;1475.5
02.10.2020;1460.5
03.10.2020;1458
06.10.2020;1455.5
07.10.2020;1465
08.10.2020;1462
09.10.2020;1468
10.10.2020;1463.5
13.10.2020;1471
14.10.2020;1474.5
15.10.2020;1471
16.10.2020;1461.5
17.10.2020;1446.5
20.10.2020;1360
21.10.2020;1370
22.10.2020;1352.5
23.10.2020;1357
24.10.2020;1355
27.10.2020;1348
28.10.2020;1345
29.10.2020;1329.5
30.10.2020;1333
31.10.2020;1321.5
03.11.2020;1330.5
04.11.2020;1332
06.11.2020;1369
07.11.2020;1364.5
10.11.2020;1381.5
11.11.2020;1401
12.11.2020;1412
13.11.2020;1392
14.11.2020;1396
17.11.2020;1408.5
18.11.2020;1399
19.11.2020;1417
20.11.2020;1410
21.11.2020;1414
24.11.2020;1415
25.11.2020;1418
26.11.2020;1432
27.11.2020;1434.5
28.11.2020;1445
01.12.2020;1424
02.12.2020;1434.5
03.12.2020;1455
04.12.2020;1446
05.12.2020;1450
08.12.2020;1442
09.12.2020;1429
10.12.2020;1428
11.12.2020;1431
12.12.2020;1417.5
15.12.2020;1410
16.12.2020;1412.5
17.12.2020;1412
18.12.2020;1419
19.12.2020;1403
22.12.2020;1396.5
23.12.2020;1409
24.12.2020;1420
25.12.2020;1402
26.12.2020;1414
29.12.2020;1410.5
30.12.2020;1410
31.12.2020;1405.5
05.01.2021;1410.5
06.01.2021;1438
07.01.2021;1429.5
09.01.2021;1455
12.01.2021;1440
13.01.2021;1451
14.01.2021;1460
15.01.2021;1492.5
16.01.2021;1483
19.01.2021;1486
20.01.2021;1480
21.01.2021;1485.5
22.01.2021;1451.5
23.01.2021;1448
26.01.2021;1456.5
27.01.2021;1466.5
28.01.2021;1458
29.01.2021;1447
30.01.2021;1425.5
02.02.2021;1430.5
03.02.2021;1433.5
04.02.2021;1441
05.02.2021;1439
06.02.2021;1447.5
09.02.2021;1465
10.02.2021;1465
11.02.2021;1447.5
12.02.2021;1449.5
13.02.2021;1460
16.02.2021;1460
17.02.2021;1454
18.02.2021;1460
19.02.2021;1456
20.02.2021;1456.5
21.02.2021;1455.5
23.02.2021;1449
25.02.2021;1441.5
26.02.2021;1436.5
27.02.2021;1428.5
02.03.2021;1437
03.03.2021;1444
04.03.2021;1457.5
05.03.2021;1443
06.03.2021;1457.5
10.03.2021;1449
11.03.2021;1435
12.03.2021;1447.5
13.03.2021;1467.5
16.03.2021;1471
17.03.2021;1469.5
18.03.2021;1468
19.03.2021;1458.5
20.03.2021;1451.5
23.03.2021;1467.5
24.03.2021;1474
25.03.2021;1478
26.03.2021;1480.5
27.03.2021;1498
30.03.2021;1508
31.03.2021;1509
01.04.2021;1478
02.04.2021;1488
03.04.2021;1487.5
06.04.2021;1485.5
07.04.2021;1480
08.04.2021;1488
09.04.2021;1476.5
10.04.2021;1465.5
13.04.2021;1462.5
14.04.2021;1470
15.04.2021;1470
16.04.2021;1456.5
17.04.2021;1456
20.04.2021;1448
21.04.2021;1438.5
22.04.2021;1436.5
23.04.2021;1441.5
24.04.2021;1444.5
27.04.2021;1436
28.04.2021;1430
29.04.2021;1425
30.04.2021;1418.5
01.05.2021;1414
05.05.2021;1423
06.05.2021;1406.5
07.05.2021;1399
08.05.2021;1391.5
11.05.2021;1397.5
12.05.2021;1400
13.05.2021;1393
14.05.2021;1396.5
15.05.2021;1394
18.05.2021;1399.5
19.05.2021;1411.5
20.05.2021;1402
21.05.2021;1398.5
22.05.2021;1400
25.05.2021;1411
26.05.2021;1417
27.05.2021;1417
28.05.2021;1410
29.05.2021;1414
01.06.2021;1424.5
02.06.2021;1435.5
03.06.2021;1461
04.06.2021;1464.5
05.06.2021;1501
08.06.2021;1495
09.06.2021;1518.5
10.06.2021;1552
11.06.2021;1668
12.06.2021;1613
15.06.2021;1675.5
16.06.2021;1684.5
17.06.2021;1710.5
18.06.2021;1732.5
19.06.2021;1726.5
22.06.2021;1717.5
23.06.2021;1721
24.06.2021;1718.5
25.06.2021;1717
26.06.2021;1729.5
29.06.2021;1733
30.06.2021;1722
01.07.2021;1733
02.07.2021;1730.5
03.07.2021;1750
06.07.2021;1778
07.07.2021;1795
08.07.2021;1744
09.07.2021;1724.5
10.07.2021;1745
13.07.2021;1764.5
14.07.2021;1780.5
15.07.2021;1774
16.07.2021;1770
17.07.2021;1678
20.07.2021;1572.5
21.07.2021;1574.5
22.07.2021;1590
23.07.2021;1609.5
24.07.2021;1586
27.07.2021;1602.5
28.07.2021;1608
29.07.2021;1618
30.07.2021;1645
31.07.2021;1626.5
03.08.2021;1632
04.08.2021;1624
05.08.2021;1604.5
06.08.2021;1607
07.08.2021;1590
10.08.2021;1601
11.08.2021;1598
12.08.2021;1607.5
13.08.2021;1617
14.08.2021;1619.5
17.08.2021;1615
18.08.2021;1604.5
19.08.2021;1585
20.08.2021;1598.5
21.08.2021;1591
24.08.2021;1593
25.08.2021;1593
26.08.2021;1597.5
27.08.2021;1581.5
28.08.2021;1595
31.08.2021;1581
01.09.2021;1579.5
02.09.2021;1605
03.09.2021;1597
04.09.2021;1616
07.09.2021;1681.5
08.09.2021;1690
09.09.2021;1677.5
10.09.2021;1642.5
11.09.2021;1657.5
14.09.2021;1675
15.09.2021;1671
16.09.2021;1677
17.09.2021;1702.5
18.09.2021;1670
21.09.2021;1630
22.09.2021;1634.5
23.09.2021;1646
24.09.2021;1644
25.09.2021;1633
28.09.2021;1619
29.09.2021;1610
30.09.2021;1613
01.10.2021;1595
02.10.2021;1602
05.10.2021;1629
06.10.2021;1615
07.10.2021;1575
08.10.2021;1586
09.10.2021;1582
12.10.2021;1593
13.10.2021;1615
14.10.2021;1611
15.10.2021;1607.5
16.10.2021;1600
19.10.2021;1580.5
20.10.2021;1580
21.10.2021;1584
22.10.2021;1582
23.10.2021;1563.5
26.10.2021;1561.5
27.10.2021;1571.5
28.10.2021;1534
29.10.2021;1543.5
30.10.2021;1521.5
02.11.2021;1548
03.11.2021;1529
04.11.2021;1502.5
06.11.2021;1497
09.11.2021;1512
10.11.2021;1508.5
11.11.2021;1493
12.11.2021;1501
13.11.2021;1502
16.11.2021;1499.5
17.11.2021;1506
18.11.2021;1507
19.11.2021;1504
20.11.2021;1495.5
23.11.2021;1485.5
24.11.2021;1473
25.11.2021;1452
26.11.2021;1461
27.11.2021;1447.5
30.11.2021;1429.5
01.12.2021;1418.5
02.12.2021;1432
03.12.2021;1437.5
04.12.2021;1425
07.12.2021;1434.5
08.12.2021;1446.5
09.12.2021;1428
10.12.2021;1447
11.12.2021;1531
14.12.2021;1519
15.12.2021;1535.5
16.12.2021;1515.5
17.12.2021;1550
18.12.2021;1595.5
21.12.2021;1610.5
22.12.2021;1581
23.12.2021;1631
24.12.2021;1631
25.12.2021;1626
28.12.2021;1640
29.12.2021;1613
30.12.2021;1603
31.12.2021;1588
04.01.2022;1599
05.01.2022;1601
06.01.2022;1565
07.01.2022;1600
11.01.2022;1571
12.01.2022;1560.5
13.01.2022;1572
14.01.2022;1538
15.01.2022;1559.5
18.01.2022;1534.5
19.01.2022;1545
20.01.2022;1517
21.01.2022;1510
22.01.2022;1482
25.01.2022;1436
26.01.2022;1463.5
27.01.2022;1424
28.01.2022;1465.5
29.01.2022;1463
01.02.2022;1481
02.02.2022;1490
03.02.2022;1475.5
04.02.2022;1471.5
05.02.2022;1515
08.02.2022;1500
09.02.2022;1491.5
10.02.2022;1517
11.02.2022;1524.5
12.02.2022;1459
15.02.2022;1490.5
16.02.2022;1529
17.02.2022;1526
18.02.2022;1495.5
19.02.2022;1470
22.02.2022;1369
23.02.2022;1460
25.02.2022;1054.5
26.02.2022;1287.5
25.03.2022;1209.5
26.03.2022;1162
29.03.2022;1104
30.03.2022;1039.5
31.03.2022;1080
01.04.2022;1193
02.04.2022;1213.5
05.04.2022;1219
06.04.2022;1179.5
07.04.2022;1180
08.04.2022;1154
09.04.2022;1145
12.04.2022;1156
13.04.2022;1141
14.04.2022;1139
15.04.2022;1116
16.04.2022;1113.5
19.04.2022;1092
20.04.2022;1070
21.04.2022;1070.5
22.04.2022;1066
23.04.2022;1081.5
26.04.2022;1075.5
27.04.2022;1110.5
28.04.2022;1132.5
29.04.2022;1112
30.04.2022;1133
05.05.2022;1117.5
06.05.2022;1115.5
07.05.2022;1112
12.05.2022;1101
13.05.2022;1086
14.05.2022;1083
17.05.2022;1092
18.05.2022;1097
19.05.2022;1112.5
20.05.2022;1115
21.05.2022;1137.5
24.05.2022;1104
25.05.2022;1096.5
26.05.2022;1115
27.05.2022;1134.5
28.05.2022;1144.5
31.05.2022;1156
01.06.2022;1138.5
02.06.2022;1195.5
03.06.2022;1227
04.06.2022;1210
07.06.2022;1201
08.06.2022;1221
09.06.2022;1238.5
10.06.2022;1301
11.06.2022;1371
15.06.2022;1302.5
16.06.2022;1296
17.06.2022;1305
18.06.2022;1289
21.06.2022;1297
22.06.2022;1272
23.06.2022;1257
24.06.2022;1267.5
25.06.2022;1258.5
28.06.2022;1257.5
29.06.2022;1238
30.06.2022;1228
01.07.2022;1194.5
02.07.2022;1200.5
05.07.2022;1213
06.07.2022;1220
07.07.2022;1224
08.07.2022;1234
09.07.2022;1236.5
12.07.2022;1246
13.07.2022;1248
14.07.2022;1220
15.07.2022;1215
16.07.2022;1225
19.07.2022;1235.5
20.07.2022;1123
21.07.2022;1135.5
22.07.2022;1108.5
23.07.2022;1114
26.07.2022;1114
27.07.2022;1116.5
28.07.2022;1117
29.07.2022;1111.5
30.07.2022;1113
02.08.2022;1104.5
03.08.2022;1088
04.08.2022;1095
05.08.2022;1048
06.08.2022;1016.5
09.08.2022;1009.5
10.08.2022;996.5
11.08.2022;1015.5
12.08.2022;1002.5
13.08.2022;1006.5
16.08.2022;998
17.08.2022;1002.5
18.08.2022;999.5
19.08.2022;998
20.08.2022;991.5
23.08.2022;994.5
24.08.2022;997
25.08.2022;996.5
26.08.2022;993
27.08.2022;995
30.08.2022;994.5
31.08.2022;1012.5
01.09.2022;1014
02.09.2022;1012.5
03.09.2022;1034
06.09.2022;1039
07.09.2022;1018.5
08.09.2022;1003
09.09.2022;1003
10.09.2022;1007
13.09.2022;1014
14.09.2022;1009
15.09.2022;1006.5
16.09.2022;1010
17.09.2022;1004.5
20.09.2022;1004.5
21.09.2022;964
22.09.2022;895.5
23.09.2022;910
24.09.2022;871
27.09.2022;753
28.09.2022;790
29.09.2022;794
30.09.2022;790
01.10.2022;785
04.10.2022;827.5
05.10.2022;803
06.10.2022;785
07.10.2022;780
08.10.2022;755.5
11.10.2022;761
12.10.2022;778.5
13.10.2022;777.5
14.10.2022;777.5
15.10.2022;775
18.10.2022;803.5
19.10.2022;795.5
20.10.2022;795.5
21.10.2022;797
22.10.2022;801
25.10.2022;804
26.10.2022;829
27.10.2022;837
28.10.2022;891
29.10.2022;931.5
01.11.2022;967
02.11.2022;957.5
03.11.2022;918
04.11.2022;908
08.11.2022;932.5
09.11.2022;927.5
10.11.2022;904.5
11.11.2022;915.5
12.11.2022;915
15.11.2022;930
16.11.2022;902.5
17.11.2022;910.5
18.11.2022;912
19.11.2022;910
22.11.2022;895
23.11.2022;898
24.11.2022;897
25.11.2022;895
26.11.2022;892.5
29.11.2022;888
30.11.2022;889
01.12.2022;887
02.12.2022;884.5
03.12.2022;886
06.12.2022;888
07.12.2022;885.5
08.12.2022;885.5
09.12.2022;882
10.12.2022;875.5
13.12.2022;871.5
14.12.2022;858
15.12.2022;850.5
16.12.2022;840.5
17.12.2022;871.5
20.12.2022;856
21.12.2022;881.5
22.12.2022;872.5
23.12.2022;870.5
24.12.2022;860
27.12.2022;857.5
28.12.2022;859
29.12.2022;859.5
30.12.2022;869
31.12.2022;871
04.01.2023;878
05.01.2023;876.5
06.01.2023;875
07.01.2023;875.5
10.01.2023;879.5
11.01.2023;871.5
12.01.2023;878.5
13.01.2023;876
14.01.2023;876
17.01.2023;899.5
18.01.2023;887
19.01.2023;884.5
20.01.2023;869.5
21.01.2023;867
24.01.2023;883.5
25.01.2023;880
26.01.2023;875
27.01.2023;872
28.01.2023;877.5
31.01.2023;882.5
01.02.2023;893
02.02.2023;897.5
03.02.2023;896
04.02.2023;890.5
07.02.2023;896
08.02.2023;936.5
09.02.2023;921
10.02.2023;920.5
11.02.2023;922.5
14.02.2023;920
15.02.2023;904
16.02.2023;881
17.02.2023;896
18.02.2023;894.5
21.02.2023;894.5
22.02.2023;909
23.02.2023;908.5
25.02.2023;909
28.02.2023;914
01.03.2023;916.5
02.03.2023;924
03.03.2023;913
04.03.2023;917
07.03.2023;919.5
08.03.2023;919
10.03.2023;922.5
11.03.2023;921
14.03.2023;928
15.03.2023;935
16.03.2023;942
17.03.2023;940
18.03.2023;991
21.03.2023;1072.5
22.03.2023;1052
23.03.2023;1041.5
24.03.2023;1059
25.03.2023;1063
28.03.2023;1071.5
29.03.2023;1065
30.03.2023;1064
31.03.2023;1068
01.04.2023;1061.5
04.04.2023;1081.5
05.04.2023;1147
06.04.2023;1193
07.04.2023;1260
08.04.2023;1259
11.04.2023;1285
12.04.2023;1258
13.04.2023;1258.5
14.04.2023;1218.5
15.04.2023;1216.5
18.04.2023;1238
19.04.2023;1231.5
20.04.2023;1211.5
21.04.2023;1202
22.04.2023;1217
25.04.2023;1232.5
26.04.2023;1223.5
27.04.2023;1217.5
28.04.2023;1208.5
29.04.2023;1203
03.05.2023;1178.5
04.05.2023;1116
05.05.2023;1128.5
06.05.2023;1131
09.05.2023;1164.5
11.05.2023;1213
12.05.2023;1182
13.05.2023;1178.5
16.05.2023;1205
17.05.2023;1197
18.05.2023;1209.5
19.05.2023;1216
20.05.2023;1211
23.05.2023;1262
24.05.2023;1262.5
25.05.2023;1266.5
26.05.2023;1312.5
27.05.2023;1319.5
30.05.2023;1332.5
31.05.2023;1328
01.06.2023;1333
02.06.2023;1348
03.06.2023;1382
06.06.2023;1332.5
07.06.2023;1338
08.06.2023;1313.5
09.06.2023;1364
10.06.2023;1382
14.06.2023;1342.5
15.06.2023;1466
16.06.2023;1436
17.06.2023;1431.5
20.06.2023;1426
21.06.2023;1408
22.06.2023;1392
23.06.2023;1397
24.06.2023;1373.5
27.06.2023;1370
28.06.2023;1398
29.06.2023;1400
30.06.2023;1401
01.07.2023;1419.5
04.07.2023;1399.5
05.07.2023;1374
06.07.2023;1369.5
07.07.2023;1369
08.07.2023;1377.5
11.07.2023;1399.5
12.07.2023;1400.5
13.07.2023;1400
14.07.2023;1388
15.07.2023;1400
18.07.2023;1400
19.07.2023;1403
20.07.2023;1265
21.07.2023;1239
22.07.2023;1257.5
25.07.2023;1255
26.07.2023;1249
27.07.2023;1238.5
28.07.2023;1237.5
29.07.2023;1232
01.08.2023;1224
02.08.2023;1216.5
03.08.2023;1235
04.08.2023;1233.5
05.08.2023;1214
08.08.2023;1208.5
09.08.2023;1197
10.08.2023;1189
11.08.2023;1191.5
12.08.2023;1204.5
15.08.2023;1187.5
16.08.2023;1186.5
17.08.2023;1153
18.08.2023;1156
19.08.2023;1163.5
22.08.2023;1180.5
23.08.2023;1195.5
24.08.2023;1181
25.08.2023;1203
26.08.2023;1207
29.08.2023;1234.5
30.08.2023;1234.5
31.08.2023;1269
01.09.2023;1328.5
02.09.2023;1379.5
05.09.2023;1411
06.09.2023;1398.5
07.09.2023;1388
08.09.2023;1369.5
09.09.2023;1385
12.09.2023;1430
13.09.2023;1496.5
14.09.2023;1477.5
15.09.2023;1463
16.09.2023;1473.5
19.09.2023;1498.5
20.09.2023;1447
21.09.2023;1438.5
22.09.2023;1386.5
23.09.2023;1428
26.09.2023;1419.5
27.09.2023;1409.5
28.09.2023;1417.5
29.09.2023;1421
30.09.2023;1421
03.10.2023;1425
04.10.2023;1416
05.10.2023;1406.5
06.10.2023;1401
07.10.2023;1401.5
10.10.2023;1403.5
11.10.2023;1401
12.10.2023;1402.5
13.10.2023;1408.5
14.10.2023;1418
17.10.2023;1441
18.10.2023;1462.5
19.10.2023;1489
20.10.2023;1478
21.10.2023;1459.5
24.10.2023;1445.5
25.10.2023;1454
26.10.2023;1458
27.10.2023;1440
28.10.2023;1445.5
31.10.2023;1432
01.11.2023;1419.5
02.11.2023;1432
03.11.2023;1445
04.11.2023;1438.5
07.11.2023;1446
08.11.2023;1456
09.11.2023;1449
10.11.2023;1445.5
11.11.2023;1449.5
14.11.2023;1453
15.11.2023;1438.5
16.11.2023;1467
17.11.2023;1445
18.11.2023;1452.5
21.11.2023;1457
22.11.2023;1455
23.11.2023;1454.5
24.11.2023;1453.5
25.11.2023;1453.5
28.11.2023;1452
29.11.2023;1454.5
30.11.2023;1454.5
01.12.2023;1441.5
02.12.2023;1425.5
05.12.2023;1390
06.12.2023;1406.5
07.12.2023;1393
08.12.2023;1389.5
09.12.2023;1388
12.12.2023;1363
13.12.2023;1358
14.12.2023;1360
15.12.2023;1345
16.12.2023;1397.5
19.12.2023;1413
20.12.2023;1441
21.12.2023;1435.5
22.12.2023;1432.5
23.12.2023;1446.5
26.12.2023;1448.5
27.12.2023;1443.5
28.12.2023;1449.5
29.12.2023;1448
30.12.2023;1445
04.01.2024;1460
05.01.2024;1457.5
06.01.2024;1454
09.01.2024;1460
10.01.2024;1459
11.01.2024;1456.5
12.01.2024;1482.5
13.01.2024;1493
16.01.2024;1497.5
17.01.2024;1544.5
18.01.2024;1564
19.01.2024;1550
20.01.2024;1554
23.01.2024;1561
24.01.2024;1554
25.01.2024;1575.5
26.01.2024;1572
27.01.2024;1564.5
30.01.2024;1577.5
31.01.2024;1583
01.02.2024;1577
02.02.2024;1574
03.02.2024;1577
06.02.2024;1586
07.02.2024;1584.5
08.02.2024;1600
09.02.2024;1591
10.02.2024;1592
13.02.2024;1617.5
14.02.2024;1659.5
15.02.2024;1668.5
22.02.2024;1583.5
23.02.2024;1604.5
27.02.2024;1638
28.02.2024;1616
29.02.2024;1608.5
01.03.2024;1608
02.03.2024;1590
05.03.2024;1585
06.03.2024;1604.5
07.03.2024;1597
08.03.2024;1600
12.03.2024;1630.5
13.03.2024;1618
14.03.2024;1604
15.03.2024;1585.5
16.03.2024;1594.5
19.03.2024;1589.5
20.03.2024;1583
21.03.2024;1607
22.03.2024;1626.5
23.03.2024;1595
26.03.2024;1608
27.03.2024;1625
28.03.2024;1623.5
29.03.2024;1623.5
30.03.2024;1645.5
02.04.2024;1639.5
03.04.2024;1640
04.04.2024;1633.5
05.04.2024;1633.5
06.04.2024;1638
09.04.2024;1635.5
10.04.2024;1639
11.04.2024;1635.5
12.04.2024;1625.5
13.04.2024;1620
16.04.2024;1626.5
17.04.2024;1614.5
18.04.2024;1614.5
19.04.2024;1603.5
20.04.2024;1613
23.04.2024;1614.5
24.04.2024;1607
25.04.2024;1599
26.04.2024;1596.5
27.04.2024;1600.5
28.04.2024;1598
30.04.2024;1599
01.05.2024;1597.5
03.05.2024;1599.5
04.05.2024;1597
07.05.2024;1592.5
08.05.2024;1644
09.05.2024;1636
11.05.2024;1636
14.05.2024;1643
15.05.2024;1671.5
16.05.2024;1667.5
17.05.2024;1675.5
18.05.2024;1679
21.05.2024;1666
22.05.2024;1665
23.05.2024;1703.5
24.05.2024;1692
25.05.2024;1663
28.05.2024;1645
29.05.2024;1649.5
30.05.2024;1669
31.05.2024;1644
01.06.2024;1589
04.06.2024;1622
05.06.2024;1629
06.06.2024;1602
07.06.2024;1618
08.06.2024;1653.5
11.06.2024;1635
12.06.2024;1637
14.06.2024;1627.5
15.06.2024;1642
18.06.2024;1636
19.06.2024;1611
20.06.2024;1587
21.06.2024;1540.5
22.06.2024;1551
25.06.2024;1559.5
26.06.2024;1582
27.06.2024;1592.5
28.06.2024;1593.5
29.06.2024;1621.5
02.07.2024;1625.5
03.07.2024;1615.5
04.07.2024;1605
05.07.2024;1581.5
06.07.2024;1577.5
09.07.2024;1577
10.07.2024;1502.5
11.07.2024;1411
12.07.2024;1473.5
13.07.2024;1463
16.07.2024;1449
17.07.2024;1443
18.07.2024;1437
19.07.2024;1323.5
20.07.2024;1380
23.07.2024;1375
24.07.2024;1373
25.07.2024;1410.5
26.07.2024;1401.5
27.07.2024;1388
30.07.2024;1355.5
31.07.2024;1373
01.08.2024;1390
02.08.2024;1377.5
03.08.2024;1368.5
06.08.2024;1344
07.08.2024;1354
08.08.2024;1374.5
09.08.2024;1365
10.08.2024;1368.5
13.08.2024;1371.5
14.08.2024;1416
15.08.2024;1399
16.08.2024;1372.5
17.08.2024;1374.5
20.08.2024;1370
21.08.2024;1339.5
22.08.2024;1336
23.08.2024;1317
24.08.2024;1303.5
27.08.2024;1331.5
28.08.2024;1316
29.08.2024;1299
30.08.2024;1286.5
31.08.2024;1258
03.09.2024;1227
04.09.2024;1230
05.09.2024;1275
06.09.2024;1296.5
07.09.2024;1301.5
10.09.2024;1370
11.09.2024;1342.5
12.09.2024;1315.5
13.09.2024;1337.5
14.09.2024;1359.5
17.09.2024;1393
18.09.2024;1392.5
19.09.2024;1364
20.09.2024;1375.5
21.09.2024;1392
24.09.2024;1420
25.09.2024;1418
26.09.2024;1382.5
27.09.2024;1391.5
28.09.2024;1388
01.10.2024;1379
02.10.2024;1367.5
03.10.2024;1352
04.10.2024;1354
05.10.2024;1350
08.10.2024;1374.5
09.10.2024;1385
10.10.2024;1368
11.10.2024;1364.5
12.10.2024;1362.5
15.10.2024;1360.5
16.10.2024;1370
17.10.2024;1363
18.10.2024;1351.5
19.10.2024;1356
22.10.2024;1351.5
23.10.2024;1348
24.10.2024;1325
25.10.2024;1334.5
26.10.2024;1291
29.10.2024;1250.5
30.10.2024;1273
31.10.2024;1252
01.11.2024;1242.5
02.11.2024;1264.5
03.11.2024;1276
06.11.2024;1274.5
07.11.2024;1312.5
08.11.2024;1335.5
09.11.2024;1348
12.11.2024;1364
13.11.2024;1358
14.11.2024;1340
15.11.2024;1329.5
16.11.2024;1343.5
19.11.2024;1222.5
20.11.2024;1166.5
21.11.2024;1144
22.11.2024;1092
23.11.2024;1072
26.11.2024;1054
27.11.2024;1031
28.11.2024;1042.5
29.11.2024;1040
30.11.2024;1016
03.12.2024;1002.5
04.12.2024;966
05.12.2024;919.5
06.12.2024;942.5
07.12.2024;964
10.12.2024;979.5
11.12.2024;952.5
12.12.2024;953.5
13.12.2024;927
14.12.2024;926
17.12.2024;895.5
18.12.2024;901
19.12.2024;923
20.12.2024;922
21.12.2024;995.5
24.12.2024;1042
25.12.2024;1054
26.12.2024;1125
27.12.2024;1126.5
28.12.2024;1151
29.12.2024;1232
31.12.2024;1230.5
04.01.2025;1196.5
07.01.2025;1194
09.01.2025;1203
10.01.2025;1136
11.01.2025;1172
14.01.2025;1170.5
15.01.2025;1155.5
16.01.2025;1166.5
17.01.2025;1183.5
18.01.2025;1197
21.01.2025;1166
22.01.2025;1168.5
23.01.2025;1167
24.01.2025;1179.5
25.01.2025;1166
28.01.2025;1152
29.01.2025;1171
30.01.2025;1157
31.01.2025;1163
01.02.2025;1156
04.02.2025;1151.6
05.02.2025;1119.2
06.02.2025;1140
07.02.2025;1130.8
08.02.2025;1120.8
11.02.2025;1130.4
12.02.2025;1183.6
13.02.2025;1253
14.02.2025;1233.6
15.02.2025;1209
18.02.2025;1255.6
19.02.2025;1233.6
20.02.2025;1246
21.02.2025;1235.2
22.02.2025;1225.6
25.02.2025;1237
26.02.2025;1232.6
27.02.2025;1197.6
28.02.2025;1172
01.03.2025;1178.4
02.03.2025;1190.6
03.03.2025;1179.8
04.03.2025;1154.2
05.03.2025;1161
06.03.2025;1144.2
07.03.2025;1150.8
08.03.2025;1141
11.03.2025;1167.6
12.03.2025;1159.8
13.03.2025;1159.6
14.03.2025;1152
15.03.2025;1165.6
16.03.2025;1168.8
17.03.2025;1184
18.03.2025;1192
19.03.2025;1190
20.03.2025;1253.8
21.03.2025;1245.6
22.03.2025;1231.8
25.03.2025;1234.8
26.03.2025;1231
27.03.2025;1210
28.03.2025;1176
29.03.2025;1200.8
30.03.2025;1195.6
31.03.2025;1170.8
01.04.2025;1257.4
02.04.2025;1227.2
03.04.2025;1280.2
04.04.2025;1271
05.04.2025;1208.4
06.04.2025;1207.4
07.04.2025;1221.8
08.04.2025;1196.8
09.04.2025;1215
10.04.2025;1249.4
11.04.2025;1228.4
12.04.2025;1247
13.04.2025;1259.6
14.04.2025;1264.2
15.04.2025;1236.8
16.04.2025;1267.2
17.04.2025;1286.6
18.04.2025;1313.6
19.04.2025;1287
22.04.2025;1316
23.04.2025;1309
24.04.2025;1286.6
25.04.2025;1291.6
26.04.2025;1317.6
27.04.2025;1317.4
28.04.2025;1322.4
29.04.2025;1297.2
30.04.2025;1288.2
01.05.2025;1273.4
03.05.2025;1246
04.05.2025;1251.2
05.05.2025;1256
06.05.2025;1227.8
07.05.2025;1230
08.05.2025;1231.2
09.05.2025;1227.4
11.05.2025;1230.8
12.05.2025;1246
13.05.2025;1243.8
14.05.2025;1224
15.05.2025;1210
16.05.2025;1214
17.05.2025;1208.8
18.05.2025;1218.8
19.05.2025;1226.2
20.05.2025;1221.4
21.05.2025;1250
22.05.2025;1232
23.05.2025;1236.2
24.05.2025;1232
27.05.2025;1230
28.05.2025;1269.4
29.05.2025;1281.8
30.05.2025;1271.2
31.05.2025;1293.6
01.06.2025;1296.8
02.06.2025;1270.8
03.06.2025;1303.6
04.06.2025;1321.4
05.06.2025;1312
06.06.2025;1339.4
07.06.2025;1329.8
08.06.2025;1336.6
09.06.2025;1337.4
10.06.2025;1316
11.06.2025;1306
12.06.2025;1300.8
14.06.2025;1313.4
15.06.2025;1320
16.06.2025;1319.2
17.06.2025;1317.6
18.06.2025;1318.4
19.06.2025;1331.4
20.06.2025;1337
21.06.2025;1350.8
24.06.2025;1379.8
25.06.2025;1361
26.06.2025;1377.4
27.06.2025;1402.8
28.06.2025;1390.2
29.06.2025;1388
30.06.2025;1380.8
01.07.2025;1382.6
02.07.2025;1402.8
03.07.2025;1414.4
04.07.2025;1428
05.07.2025;1418.6
06.07.2025;1424.2
07.07.2025;1419
08.07.2025;1406.4
09.07.2025;1390.2
10.07.2025;1401.2
11.07.2025;1408.2
12.07.2025;1390
13.07.2025;1387.2
14.07.2025;1384
15.07.2025;1416
16.07.2025;1434
17.07.2025;1499
18.07.2025;1306
19.07.2025;1339
20.07.2025;1344
21.07.2025;1345.2
22.07.2025;1334.2
23.07.2025;1352
24.07.2025;1334.2
25.07.2025;1318.6
26.07.2025;1321.4
27.07.2025;1323.8
28.07.2025;1328.4
29.07.2025;1301
30.07.2025;1291
31.07.2025;1263.6
01.08.2025;1285.2
02.08.2025;1311
05.08.2025;1316.8
06.08.2025;1319
07.08.2025;1330.6
08.08.2025;1342.6
09.08.2025;1357.4
12.08.2025;1346
13.08.2025;1341.6
14.08.2025;1342
15.08.2025;1337.2
16.08.2025;1343.4
17.08.2025;1332.6
18.08.2025;1330.2
19.08.2025;1340.4
20.08.2025;1337.4
21.08.2025;1330
22.08.2025;1312.6
23.08.2025;1322.4
24.08.2025;1325.8
25.08.2025;1321
26.08.2025;1319.4
27.08.2025;1309.2
28.08.2025;1311
29.08.2025;1299.2
30.08.2025;1314.6
31.08.2025;1316
01.09.2025;1319
02.09.2025;1313.6
03.09.2025;1318.6
04.09.2025;1317.2
05.09.2025;1327.6
06.09.2025;1343.8
07.09.2025;1341
08.09.2025;1344.8
09.09.2025;1344
10.09.2025;1328
11.09.2025;1314.6
12.09.2025;1304
13.09.2025;1289.6
14.09.2025;1292.4
15.09.2025;1294.2
16.09.2025;1275.2
17.09.2025;1275.6
18.09.2025;1263.6
19.09.2025;1247.4
20.09.2025;1218.2
23.09.2025;1261.8
24.09.2025;1231.4
25.09.2025;1248
26.09.2025;1235
27.09.2025;1230.8
28.09.2025;1229
29.09.2025;1230.8
30.09.2025;1243.8
01.10.2025;1231.8
02.10.2025;1239.8
03.10.2025;1230.8
04.10.2025;1215.6
05.10.2025;1212
06.10.2025;1224.8
07.10.2025;1253
08.10.2025;1272
09.10.2025;1243
10.10.2025;1242
11.10.2025;1229
12.10.2025;1227.6
13.10.2025;1227
14.10.2025;1229.8
15.10.2025;1215.6
16.10.2025;1228
17.10.2025;1292.6
18.10.2025;1289.4
19.10.2025;1299.2
20.10.2025;1291.8
21.10.2025;1296.8
22.10.2025;1277.4
23.10.2025;1257.6
24.10.2025;1246
25.10.2025;1227.6
28.10.2025;1200.4
29.10.2025;1216
30.10.2025;1226.6
31.10.2025;1233
01.11.2025;1219.4
02.11.2025;1227.2
04.11.2025;1241.4
06.11.2025;1248
07.11.2025;1258.8
08.11.2025;1267.8
09.11.2025;1268.8
10.11.2025;1268.6
11.11.2025;1264.2
12.11.2025;1276.2
13.11.2025;1260.2
14.11.2025;1263
15.11.2025;1258
16.11.2025;1256.6
17.11.2025;1249.4
18.11.2025;1244.6
19.11.2025;1250.6
20.11.2025;1275.6
21.11.2025;1306.6
22.11.2025;1291.8
25.11.2025;1283.4
26.11.2025;1305
27.11.2025;1313
28.11.2025;1299
29.11.2025;1318
30.11.2025;1313.6
01.12.2025;1321.8
02.12.2025;1329.6
03.12.2025;1326.2
04.12.2025;1321.6
05.12.2025;1325.2
06.12.2025;1342.8
09.12.2025;1343.2
10.12.2025;1358.4
11.12.2025;1352.6
12.12.2025;1350.4
13.12.2025;1327.2
14.12.2025;1335
15.12.2025;1327.2
16.12.2025;1338.6
17.12.2025;1354.4
18.12.2025;1356.4
19.12.2025;1352.8
20.12.2025;1349.8
21.12.2025;1346.2
22.12.2025;1348.6
23.12.2025;1328.8
24.12.2025;1338.6
25.12.2025;1353.8
26.12.2025;1349.6
27.12.2025;1390.8
28.12.2025;1391.4
29.12.2025;1387.2
30.12.2025;1377.4
31.12.2025;1378
